UID,k1-A1,k1-A2,k1-B1,k1-B2,k1-B3,k1-B4,k1-C1,k1-C2,k1-C3,k1-D1,k1-D2,k2-A1,k2-A2,k2-B1,k2-B2,k2-B3,k2-B4,k2-C1,k2-C2,k2-C3,k2-D1,k2-D2,k3-A1,k3-A2,k3-B1,k3-B2,k3-B3,k3-B4,k3-C1,k3-C2,k3-C3,k3-D1,k3-D2,more_than_3_annotators
U1,1.0,1.0,1.0,1.0,1.0,0.0,1.0,0.0,0.5,0.0,0.5,1.0,1.0,1.0,1.0,1.0,1.0,1.0,0.0,0.5,1.0,1.0,1.0,0.5,1.0,0.5,0.5,0.0,1.0,0.5,0.0,0.5,1.0,False
U10,1.0,1.0,0.0,1.0,1.0,1.0,1.0,0.0,0.0,0.0,0.0,0.5,0.0,1.0,0.5,1.0,1.0,1.0,0.0,0.0,0.0,0.0,1.0,1.0,1.0,1.0,1.0,1.0,1.0,1.0,1.0,1.0,0.5,False
U11,1.0,0.5,1.0,1.0,1.0,1.0,1.0,0.0,1.0,0.0,0.0,0.5,0.5,1.0,1.0,1.0,1.0,1.0,0.0,0.0,1.0,1.0,0.5,0.5,1.0,1.0,0.5,1.0,1.0,0.0,0.5,1.0,0.5,False
U12,1.0,0.5,1.0,0.5,0.5,1.0,0.5,1.0,0.0,0.0,1.0,1.0,1.0,0.5,0.5,1.0,0.0,1.0,0.0,0.0,0.0,0.0,1.0,0.5,1.0,0.5,1.0,0.5,0.5,0.5,0.5,0.5,0.5,False
U13,1.0,1.0,1.0,0.5,1.0,1.0,1.0,0.0,0.0,0.0,0.0,0.5,1.0,1.0,0.5,1.0,1.0,0.5,0.0,0.0,0.5,0.0,1.0,1.0,1.0,0.5,1.0,1.0,1.0,1.0,0.0,1.0,0.0,False
U14,0.5,1.0,1.0,1.0,1.0,1.0,1.0,0.0,0.0,1.0,0.5,0.5,1.0,1.0,1.0,1.0,1.0,1.0,1.0,0.0,0.0,0.0,0.5,1.0,1.0,0.5,1.0,1.0,0.5,0.5,0.5,0.0,0.5,False
U15,1.0,0.0,1.0,0.5,1.0,0.0,1.0,0.0,0.0,1.0,1.0,1.0,0.0,1.0,0.0,1.0,1.0,0.0,0.0,0.0,1.0,1.0,0.5,1.0,1.0,0.5,1.0,0.0,1.0,1.0,0.0,0.0,0.5,False
U16,1.0,1.0,1.0,1.0,1.0,1.0,1.0,0.0,0.0,1.0,1.0,1.0,1.0,1.0,0.0,1.0,1.0,1.0,1.0,0.0,0.0,0.0,1.0,1.0,1.0,1.0,1.0,1.0,1.0,0.5,1.0,1.0,1.0,False
U17,1.0,0.0,1.0,1.0,0.0,1.0,0.0,0.0,0.0,1.0,0.0,0.0,1.0,1.0,1.0,0.0,1.0,0.0,0.0,0.5,1.0,1.0,1.0,1.0,1.0,1.0,0.0,1.0,0.5,0.0,0.0,1.0,0.0,False
U18,1.0,0.5,1.0,0.5,1.0,1.0,1.0,1.0,0.5,0.5,0.5,1.0,1.0,1.0,0.5,0.5,1.0,0.5,0.5,1.0,1.0,0.5,0.0,0.5,1.0,1.0,0.5,1.0,1.0,0.5,0.0,1.0,0.0,False
U19,0.5,1.0,1.0,1.0,0.5,1.0,0.5,0.0,0.0,1.0,1.0,0.5,1.0,1.0,0.5,0.5,0.5,1.0,0.0,0.0,0.0,0.0,1.0,1.0,0.5,1.0,0.5,0.5,1.0,0.0,0.0,0.0,0.0,False
U2,1.0,1.0,1.0,1.0,0.5,1.0,1.0,0.0,1.0,0.5,0.0,1.0,0.5,1.0,1.0,0.5,1.0,0.5,0.0,0.0,1.0,1.0,1.0,1.0,1.0,1.0,1.0,1.0,1.0,0.0,1.0,1.0,1.0,False
U20,1.0,1.0,1.0,0.5,1.0,0.5,0.5,0.0,0.0,0.0,0.5,1.0,1.0,0.5,1.0,1.0,1.0,1.0,1.0,1.0,0.0,1.0,0.5,1.0,1.0,0.5,0.5,1.0,0.5,0.0,0.5,0.0,0.5,False
U21,0.5,1.0,1.0,1.0,1.0,0.5,1.0,0.5,1.0,1.0,1.0,1.0,1.0,1.0,0.5,0.0,0.0,1.0,0.5,1.0,0.5,0.5,0.5,0.0,1.0,0.5,0.0,0.5,0.0,0.0,0.0,0.0,0.0,False
U22,0.5,0.5,1.0,0.0,1.0,0.5,1.0,0.5,0.0,0.0,0.0,1.0,1.0,1.0,1.0,1.0,1.0,0.5,0.0,0.0,1.0,0.5,1.0,0.5,1.0,1.0,1.0,0.0,1.0,0.0,1.0,0.5,0.5,False
U23,1.0,0.0,0.5,0.5,0.5,0.0,0.5,0.5,0.5,0.5,0.5,1.0,0.0,1.0,0.5,1.0,1.0,0.5,0.0,0.0,1.0,1.0,0.5,1.0,1.0,0.0,0.5,0.5,0.0,0.0,0.0,1.0,1.0,False
U24,0.5,1.0,1.0,0.5,1.0,0.0,0.5,0.0,0.0,1.0,1.0,1.0,0.5,0.0,0.5,1.0,0.5,1.0,0.5,1.0,0.5,0.5,1.0,1.0,1.0,1.0,1.0,1.0,1.0,0.5,0.0,0.0,0.0,False
U25,1.0,1.0,1.0,0.0,0.5,0.5,0.5,0.0,0.5,0.5,0.5,0.0,1.0,1.0,0.0,0.0,1.0,0.0,0.0,1.0,0.0,0.0,1.0,1.0,1.0,0.5,0.0,0.5,0.0,1.0,0.0,0.0,1.0,False
U26,1.0,0.5,1.0,1.0,0.5,1.0,1.0,0.0,0.0,0.0,0.5,1.0,1.0,1.0,1.0,1.0,1.0,1.0,1.0,0.0,1.0,1.0,1.0,1.0,0.5,0.0,0.5,1.0,0.0,1.0,0.0,1.0,1.0,False
U27,1.0,1.0,1.0,1.0,1.0,1.0,1.0,1.0,1.0,1.0,1.0,1.0,1.0,0.5,0.5,1.0,1.0,1.0,0.0,1.0,0.0,0.5,1.0,1.0,1.0,1.0,0.0,1.0,1.0,1.0,0.0,0.5,1.0,False
U28,1.0,0.5,1.0,0.5,1.0,0.5,1.0,0.0,0.0,0.5,1.0,1.0,0.5,1.0,1.0,1.0,1.0,1.0,0.0,0.5,1.0,1.0,1.0,1.0,1.0,0.5,0.5,1.0,1.0,0.0,0.5,1.0,1.0,False
U29,0.5,1.0,1.0,0.0,0.5,0.5,0.5,0.0,0.0,1.0,1.0,1.0,1.0,1.0,0.5,0.5,1.0,0.0,0.0,0.0,0.0,0.0,1.0,1.0,1.0,1.0,1.0,1.0,1.0,0.0,1.0,0.0,1.0,False
U3,1.0,1.0,1.0,1.0,0.5,1.0,1.0,0.0,0.0,1.0,0.0,1.0,1.0,1.0,0.0,1.0,1.0,1.0,1.0,0.0,1.0,0.0,0.5,1.0,1.0,1.0,1.0,0.5,1.0,0.5,0.5,0.0,0.0,False
U30,0.0,1.0,0.5,0.0,0.0,0.0,0.0,0.0,0.0,0.0,0.0,1.0,1.0,0.5,0.5,0.0,0.0,0.0,0.0,1.0,0.0,0.5,0.0,0.0,0.0,1.0,1.0,0.0,0.5,0.5,0.0,0.0,0.0,False
U31,0.5,1.0,1.0,0.5,1.0,1.0,1.0,0.0,1.0,1.0,0.5,1.0,1.0,1.0,0.5,1.0,1.0,1.0,0.0,0.0,0.0,0.5,0.5,1.0,1.0,1.0,1.0,1.0,0.5,0.0,1.0,0.0,1.0,False
U32,1.0,1.0,0.5,0.0,0.5,0.0,0.0,0.5,0.0,0.0,0.5,1.0,0.5,0.0,1.0,0.5,0.5,0.0,0.5,0.0,1.0,1.0,1.0,1.0,0.5,1.0,0.0,0.5,0.0,0.0,0.5,0.0,0.5,False
U33,1.0,0.5,1.0,1.0,0.5,1.0,0.0,0.0,0.5,1.0,0.5,0.0,1.0,0.5,0.0,1.0,0.5,0.0,0.0,0.0,1.0,0.0,1.0,1.0,1.0,1.0,1.0,1.0,1.0,0.0,0.0,1.0,1.0,False
U34,1.0,1.0,1.0,0.5,1.0,0.5,1.0,1.0,0.0,0.0,0.0,1.0,1.0,1.0,1.0,0.5,1.0,1.0,0.0,1.0,0.0,0.0,1.0,1.0,1.0,1.0,1.0,1.0,1.0,1.0,0.0,0.0,0.0,False
U35,1.0,1.0,1.0,0.5,0.5,0.0,0.5,1.0,0.0,0.5,0.5,1.0,1.0,1.0,0.5,1.0,1.0,1.0,0.0,1.0,0.5,0.0,1.0,1.0,1.0,1.0,1.0,1.0,1.0,0.0,1.0,1.0,1.0,False
U36,1.0,1.0,1.0,1.0,1.0,1.0,0.5,0.0,0.0,0.5,0.5,1.0,1.0,1.0,1.0,1.0,1.0,0.5,1.0,0.5,1.0,1.0,1.0,0.5,1.0,1.0,0.0,1.0,0.0,0.0,0.5,0.0,0.0,False
U37,1.0,0.5,1.0,0.5,0.5,1.0,0.5,0.5,1.0,1.0,1.0,0.5,0.0,1.0,0.5,0.0,1.0,0.0,0.0,0.0,0.0,0.0,0.5,1.0,1.0,0.5,1.0,0.0,0.0,0.0,0.0,0.0,0.0,False
U38,1.0,1.0,1.0,1.0,0.0,1.0,0.0,0.0,0.0,0.0,0.0,0.5,1.0,0.5,1.0,0.0,1.0,0.5,0.5,0.0,1.0,1.0,0.5,0.5,0.5,1.0,0.0,0.5,0.0,0.0,0.5,0.0,0.5,False
U39,1.0,1.0,1.0,1.0,0.5,1.0,1.0,0.5,0.0,1.0,0.5,0.5,0.5,1.0,0.0,1.0,1.0,0.5,0.5,0.0,0.5,0.0,1.0,1.0,1.0,1.0,1.0,1.0,1.0,0.0,0.0,0.0,0.0,False
U4,1.0,0.0,1.0,1.0,0.0,1.0,0.0,0.0,0.5,1.0,0.0,1.0,1.0,1.0,1.0,1.0,1.0,1.0,0.5,0.5,1.0,0.5,1.0,1.0,1.0,0.5,0.0,1.0,1.0,0.0,0.5,1.0,0.0,False
U40,1.0,0.0,1.0,0.5,1.0,0.5,0.5,0.0,1.0,0.0,0.0,0.5,0.0,1.0,0.0,0.5,0.0,0.5,0.5,0.0,0.0,0.0,0.0,0.0,0.0,0.0,1.0,0.0,0.0,0.0,0.0,0.0,0.0,False
U41,1.0,1.0,1.0,1.0,1.0,1.0,1.0,0.5,0.5,0.0,0.0,0.5,1.0,1.0,1.0,1.0,1.0,1.0,0.5,0.0,0.0,1.0,1.0,1.0,1.0,0.5,0.0,0.0,1.0,0.5,0.0,0.0,0.0,False
U42,1.0,1.0,1.0,1.0,1.0,1.0,1.0,0.5,0.5,0.5,0.5,1.0,0.5,1.0,1.0,1.0,1.0,1.0,1.0,0.5,1.0,1.0,1.0,0.5,1.0,1.0,1.0,1.0,1.0,0.0,0.5,0.5,0.0,False
U43,0.5,0.5,1.0,1.0,0.0,1.0,0.0,0.0,0.0,1.0,0.5,0.5,0.5,1.0,1.0,0.0,0.0,0.0,0.0,0.0,0.0,0.0,0.5,1.0,1.0,0.5,0.5,0.5,0.5,0.0,0.5,0.0,1.0,False
U44,0.0,0.5,0.5,0.0,0.5,0.5,0.5,0.0,0.0,0.0,0.5,1.0,1.0,1.0,1.0,1.0,1.0,1.0,0.5,0.5,1.0,0.5,1.0,0.5,1.0,1.0,1.0,1.0,1.0,0.5,0.0,1.0,1.0,False
U45,1.0,0.0,1.0,1.0,1.0,0.5,0.0,0.5,0.5,0.5,0.0,0.0,0.0,0.0,0.0,0.0,0.0,0.0,0.0,0.5,0.5,0.0,1.0,0.0,1.0,1.0,1.0,1.0,1.0,1.0,1.0,1.0,1.0,False
U46,1.0,0.5,1.0,0.5,1.0,0.5,1.0,0.0,0.5,0.0,0.0,1.0,0.0,1.0,1.0,1.0,1.0,1.0,1.0,0.0,0.0,0.0,1.0,1.0,1.0,1.0,1.0,1.0,1.0,0.0,0.0,0.0,0.0,False
U47,0.5,0.5,1.0,1.0,1.0,1.0,1.0,0.0,0.5,1.0,0.5,1.0,1.0,1.0,1.0,1.0,1.0,1.0,0.0,0.0,0.5,0.5,1.0,1.0,1.0,0.5,0.0,1.0,0.0,0.0,0.0,1.0,1.0,False
U48,0.5,1.0,1.0,1.0,1.0,1.0,1.0,0.0,0.5,1.0,0.5,0.5,0.5,1.0,0.5,1.0,1.0,1.0,0.0,0.0,0.5,0.0,0.5,1.0,1.0,0.0,0.0,1.0,1.0,0.0,0.0,1.0,0.0,False
U49,1.0,0.5,1.0,0.5,1.0,1.0,1.0,0.0,0.5,0.5,1.0,1.0,1.0,1.0,1.0,1.0,1.0,1.0,1.0,0.5,0.0,0.5,1.0,0.5,1.0,1.0,1.0,0.5,1.0,1.0,0.0,0.5,0.5,False
U5,1.0,1.0,1.0,1.0,1.0,1.0,1.0,0.0,1.0,1.0,1.0,1.0,0.5,1.0,1.0,1.0,0.5,1.0,0.5,0.0,1.0,0.0,0.5,1.0,1.0,0.5,1.0,0.5,0.5,0.0,0.5,0.0,0.5,False
U50,0.0,1.0,0.0,1.0,0.5,0.5,0.0,0.5,1.0,1.0,0.5,1.0,1.0,1.0,1.0,1.0,1.0,0.5,0.5,0.0,1.0,0.0,1.0,1.0,1.0,1.0,1.0,1.0,1.0,0.0,0.0,1.0,1.0,False
U51,1.0,1.0,1.0,0.5,0.5,1.0,0.0,0.0,0.0,1.0,1.0,0.0,0.5,1.0,1.0,0.0,1.0,0.0,0.0,0.0,1.0,0.5,1.0,1.0,1.0,0.0,0.5,1.0,0.5,0.0,0.5,0.5,0.5,False
U52,0.5,1.0,1.0,0.5,0.0,0.0,0.0,0.0,0.0,0.0,0.0,0.5,1.0,1.0,1.0,0.0,1.0,0.0,0.0,0.0,0.0,0.5,1.0,0.0,1.0,1.0,1.0,1.0,0.5,0.0,0.0,0.0,0.0,False
U53,1.0,0.5,0.5,0.0,0.0,0.0,0.0,0.0,0.0,0.0,0.0,0.5,1.0,1.0,1.0,1.0,1.0,0.5,0.5,0.5,1.0,1.0,0.5,0.5,0.0,1.0,0.0,1.0,0.5,0.0,0.0,0.0,1.0,False
U54,1.0,1.0,1.0,1.0,1.0,0.5,1.0,1.0,0.5,1.0,0.5,0.0,0.0,1.0,0.0,0.0,0.5,0.0,0.0,0.0,0.0,1.0,1.0,1.0,1.0,1.0,1.0,1.0,0.0,0.0,1.0,1.0,1.0,False
U55,0.0,0.0,1.0,0.0,1.0,1.0,0.0,0.0,0.0,0.0,0.0,0.5,0.5,1.0,0.5,1.0,0.0,0.0,0.0,0.0,0.5,0.5,0.5,0.0,1.0,0.0,0.0,0.0,0.0,0.0,0.0,0.0,0.0,False
U56,0.5,1.0,1.0,0.5,0.0,1.0,1.0,0.0,0.0,1.0,1.0,1.0,0.5,1.0,1.0,1.0,1.0,0.5,0.0,0.0,1.0,1.0,1.0,1.0,1.0,1.0,1.0,0.5,1.0,0.0,0.0,0.5,0.5,False
U57,1.0,1.0,1.0,1.0,0.5,1.0,0.0,0.0,0.0,0.0,0.0,1.0,1.0,1.0,0.5,0.5,1.0,0.5,0.5,0.5,0.0,0.0,0.5,1.0,1.0,0.5,1.0,0.0,0.0,0.0,0.0,0.0,0.0,False
U58,1.0,1.0,1.0,0.5,1.0,1.0,1.0,1.0,0.5,1.0,1.0,0.0,1.0,0.5,1.0,0.5,1.0,1.0,0.0,1.0,0.5,0.0,0.0,1.0,1.0,0.0,1.0,1.0,1.0,0.0,0.5,0.0,0.5,False
U59,1.0,0.5,1.0,1.0,0.5,1.0,0.0,0.0,0.5,0.0,1.0,1.0,0.5,1.0,1.0,1.0,1.0,0.5,0.0,1.0,1.0,1.0,0.5,0.5,1.0,1.0,1.0,1.0,0.5,0.0,0.0,0.0,1.0,False
U6,0.0,0.5,1.0,0.0,0.5,0.0,1.0,0.0,0.0,0.0,0.0,0.5,1.0,1.0,1.0,1.0,1.0,0.0,0.0,0.5,1.0,0.0,1.0,1.0,1.0,1.0,1.0,1.0,1.0,0.0,0.0,0.0,0.0,False
U60,1.0,1.0,1.0,0.5,1.0,0.5,1.0,1.0,0.0,1.0,0.5,0.5,0.5,1.0,0.0,1.0,1.0,1.0,0.0,0.0,1.0,0.5,0.0,1.0,1.0,1.0,0.0,0.0,1.0,1.0,0.0,0.5,0.5,False
U61,0.5,0.0,1.0,0.5,0.0,0.0,0.5,0.0,0.0,0.0,0.0,0.0,0.5,1.0,0.0,1.0,0.0,0.0,0.0,0.0,0.5,0.0,1.0,0.0,1.0,1.0,1.0,1.0,1.0,0.0,1.0,1.0,1.0,False
U62,0.5,1.0,0.0,0.5,0.0,0.0,1.0,0.0,0.5,0.0,0.5,1.0,0.5,0.0,0.5,0.5,0.0,0.5,0.0,0.0,0.5,0.0,0.5,1.0,0.5,0.5,0.0,0.5,0.5,0.5,0.5,1.0,1.0,False
U63,0.5,0.5,1.0,1.0,1.0,0.0,0.5,0.0,0.0,0.0,0.0,0.5,1.0,1.0,0.5,1.0,1.0,1.0,1.0,0.0,0.0,1.0,0.0,0.5,0.0,1.0,0.5,0.0,1.0,0.0,0.5,0.0,0.0,False
U64,1.0,1.0,1.0,1.0,0.5,1.0,0.0,0.0,0.5,0.5,0.0,1.0,1.0,1.0,1.0,0.0,1.0,1.0,0.0,0.0,0.0,0.0,1.0,1.0,1.0,1.0,0.0,0.5,0.0,0.0,0.5,0.5,0.0,False
U65,1.0,1.0,1.0,0.5,1.0,1.0,1.0,1.0,0.0,0.0,0.5,1.0,1.0,0.5,0.0,0.5,0.5,0.0,0.0,0.0,0.0,0.0,1.0,1.0,1.0,1.0,1.0,1.0,0.5,0.0,0.0,0.0,0.0,False
U66,0.5,0.0,1.0,1.0,0.5,0.0,1.0,0.0,0.0,0.0,0.0,1.0,1.0,0.0,0.0,0.5,0.5,0.0,0.0,0.5,0.5,0.0,1.0,0.5,1.0,1.0,1.0,1.0,0.0,0.0,0.5,1.0,1.0,False
U67,1.0,1.0,0.5,0.5,1.0,1.0,0.5,1.0,0.0,0.5,0.5,1.0,1.0,0.5,0.0,1.0,0.5,0.0,0.0,0.5,0.0,0.5,0.5,1.0,0.5,0.0,1.0,0.0,1.0,0.0,0.0,0.5,0.0,False
U68,1.0,1.0,1.0,0.5,1.0,0.5,1.0,0.0,1.0,0.0,1.0,0.0,0.0,1.0,0.0,0.0,0.0,0.0,0.0,0.0,0.0,0.0,0.0,1.0,1.0,1.0,0.0,1.0,0.0,0.5,0.0,0.5,0.5,False
U69,0.5,0.5,1.0,0.0,0.0,1.0,0.0,0.0,0.0,1.0,1.0,1.0,1.0,1.0,0.5,1.0,1.0,1.0,0.0,1.0,0.0,0.0,1.0,1.0,1.0,1.0,1.0,0.5,0.0,0.0,0.5,0.0,0.0,False
U7,1.0,1.0,1.0,0.5,0.0,1.0,0.0,0.0,1.0,0.0,0.5,0.5,1.0,0.5,1.0,0.0,1.0,0.0,0.0,0.0,0.5,0.0,1.0,1.0,1.0,1.0,1.0,1.0,1.0,0.0,0.0,0.0,1.0,False
U70,0.5,0.5,1.0,1.0,1.0,0.0,0.0,0.0,1.0,0.0,0.0,1.0,1.0,1.0,1.0,1.0,1.0,1.0,1.0,1.0,1.0,1.0,1.0,0.0,1.0,1.0,1.0,0.0,1.0,0.0,0.5,1.0,0.5,False
U71,1.0,1.0,1.0,1.0,1.0,1.0,1.0,1.0,1.0,1.0,0.5,0.0,1.0,0.5,0.0,0.0,0.0,0.0,0.0,0.0,0.0,0.0,0.5,0.0,0.0,1.0,1.0,0.0,1.0,0.0,0.0,1.0,0.0,False
U72,0.5,0.0,0.5,0.0,0.0,0.0,0.0,0.5,0.0,0.0,0.0,0.5,0.5,0.0,0.5,0.5,1.0,0.0,0.0,1.0,0.5,0.0,1.0,1.0,1.0,0.5,1.0,1.0,0.0,0.0,0.0,0.0,0.0,False
U73,1.0,1.0,0.5,0.5,0.5,0.5,0.5,0.0,0.0,0.0,0.0,1.0,1.0,1.0,1.0,1.0,1.0,1.0,0.5,0.5,0.0,1.0,0.5,1.0,1.0,0.5,1.0,0.5,0.5,0.0,0.5,0.0,0.0,False
U74,1.0,1.0,1.0,0.5,0.5,0.5,0.0,0.0,0.5,0.5,0.5,0.5,0.0,0.5,0.0,0.0,0.0,0.0,0.0,0.0,0.5,0.0,1.0,1.0,1.0,0.5,0.0,1.0,0.0,0.0,0.0,0.5,0.5,False
U75,1.0,1.0,0.0,1.0,1.0,0.0,1.0,0.5,1.0,0.5,0.0,1.0,1.0,0.5,1.0,0.5,0.5,0.5,0.0,0.0,0.5,0.5,1.0,1.0,1.0,1.0,1.0,0.0,1.0,0.0,1.0,0.0,0.0,False
U76,1.0,1.0,1.0,0.0,1.0,1.0,0.0,0.0,0.0,0.0,0.0,1.0,1.0,0.5,0.0,1.0,0.5,1.0,1.0,1.0,0.0,1.0,1.0,0.5,1.0,0.5,0.5,1.0,0.5,0.0,0.0,0.0,0.5,False
U77,0.5,1.0,1.0,1.0,0.0,0.0,0.0,0.0,0.5,1.0,1.0,1.0,1.0,1.0,0.5,0.0,0.0,0.0,0.0,0.0,0.5,1.0,1.0,1.0,0.0,0.0,0.0,0.5,0.0,0.0,0.0,1.0,1.0,False
U78,0.0,0.5,1.0,1.0,0.0,1.0,0.0,0.0,0.0,0.5,0.0,1.0,0.5,1.0,0.5,1.0,1.0,0.0,0.0,0.0,0.5,0.5,1.0,1.0,0.5,1.0,1.0,1.0,1.0,1.0,0.0,0.5,0.5,False
U79,1.0,0.5,1.0,0.5,1.0,0.5,0.0,0.0,0.0,1.0,0.0,1.0,0.5,1.0,0.5,1.0,1.0,1.0,1.0,0.0,0.5,1.0,1.0,1.0,1.0,1.0,1.0,0.0,0.5,1.0,1.0,1.0,0.5,False
U8,1.0,0.5,1.0,1.0,1.0,0.0,0.0,0.0,0.0,0.0,0.0,1.0,1.0,1.0,1.0,1.0,0.5,0.5,0.0,0.0,1.0,0.0,1.0,1.0,1.0,1.0,1.0,0.5,0.5,1.0,1.0,1.0,0.5,False
U9,0.0,0.5,1.0,0.0,0.0,0.5,0.0,0.0,0.0,0.5,0.0,0.5,1.0,1.0,1.0,0.5,1.0,0.0,0.0,0.0,0.0,0.0,0.5,0.0,1.0,0.5,0.5,0.0,0.5,0.0,0.0,0.0,0.0,False
